"lastName","firstName","email","accountId","title","phone"
"Sinisbury","Lianna","lsinisbury0@dropbox.com","@accountRef10","Statistician I","5624081052"
"Cannan","Bibby","bcannan1@illinois.edu","@accountRef1","Physical Therapy Assistant","9264429205"
"Sivyer","Lefty","lsivyer2@youtu.be","@accountRef22","Speech Pathologist","7661751814"
"Beadel","Paule","pbeadel3@nydailynews.com","@accountRef5","Product Engineer","2927853293"
"Luxton","Kerstin","kluxton4@netvibes.com","@accountRef49","Registered Nurse","6139711589"
"Dubery","Audie","adubery5@omniture.com","@accountRef42","Nurse Practicioner","9269890344"
"Hounsom","Charles","chounsom6@statcounter.com","@accountRef39","Computer Systems Analyst IV","6818827646"
"Oxborough","Erma","eoxborough7@fastcompany.com","@accountRef32","Tax Accountant","1311625272"
"Coats","Murial","mcoats8@engadget.com","@accountRef48","Help Desk Operator","3729171014"
"Potier","Sib","spotier9@typepad.com","@accountRef6","Accounting Assistant III","2771368297"
"Toor","Kirbie","ktoora@nifty.com","@accountRef46","Product Engineer","6535972806"
"Lampe","Hobie","hlampeb@ucsd.edu","@accountRef13","Operator","7277052779"
"Reimers","Shaylah","sreimersc@imageshack.us","@accountRef6","Account Coordinator","3161585749"
"Cornier","Vaughan","vcornierd@unblog.fr","@accountRef17","Senior Editor","7719412890"
"Gandrich","Karyl","kgandriche@google.cn","@accountRef12","Mechanical Systems Engineer","4031484932"
"Packwood","Lesli","lpackwoodf@newsvine.com","@accountRef31","Environmental Specialist","2285651551"
"De Blasio","Darla","ddeblasiog@ning.com","@accountRef26","Help Desk Technician","1153506662"
"Pattinson","Nanny","npattinsonh@narod.ru","@accountRef13","Environmental Specialist","5064019595"
"Silverwood","Nikola","nsilverwoodi@phpbb.com","@accountRef43","Staff Scientist","1815899659"
"Bulley","Dianne","dbulleyj@github.com","@accountRef48","Marketing Assistant","1649369932"
"Riglar","Bo","briglark@answers.com","@accountRef25","Software Consultant","4574171193"
"McCandie","Teodorico","tmccandiel@japanpost.jp","@accountRef2","Senior Financial Analyst","9981306238"
"Djurdjevic","Minetta","mdjurdjevicm@va.gov","@accountRef13","Legal Assistant","8356904172"
"Stoyles","Chiquita","cstoylesn@clickbank.net","@accountRef1","Staff Accountant IV","2433865729"
"Scruton","Robb","rscrutono@addtoany.com","@accountRef46","Technical Writer","6709336754"
"Linney","Jarrid","jlinneyp@globo.com","@accountRef23","Assistant Manager","4172246645"
"Dysert","Bailie","bdysertq@reuters.com","@accountRef20","Analyst Programmer","9378751995"
"Arpin","Chelsie","carpinr@sakura.ne.jp","@accountRef21","Account Executive","9723742885"
"Balchin","Alley","abalchins@sakura.ne.jp","@accountRef1","Assistant Media Planner","6173077289"
"Dunsleve","Morgun","mdunslevet@4shared.com","@accountRef48","Registered Nurse","8255811094"
"Zeale","Jeralee","jzealeu@scribd.com","@accountRef41","Editor","3986364266"
"Delahunty","Denney","ddelahuntyv@cnbc.com","@accountRef31","Dental Hygienist","9156332388"
"Fahrenbacher","Randal","rfahrenbacherw@flickr.com","@accountRef20","Database Administrator IV","3249592856"
"Salkeld","Josi","jsalkeldx@baidu.com","@accountRef40","Senior Cost Accountant","7721207759"
"Stubbes","Zarah","zstubbesy@yolasite.com","@accountRef19","Safety Technician II","7182312305"
"Flowers","Prinz","pflowersz@meetup.com","@accountRef2","Research Associate","6504886264"
"Oliphard","Jeanine","joliphard10@geocities.com","@accountRef41","Speech Pathologist","2752451817"
"Sedworth","Walden","wsedworth11@webeden.co.uk","@accountRef29","Senior Editor","3862812104"
"Cordero","Ethelin","ecordero12@cbsnews.com","@accountRef14","Senior Editor","4452320996"
"Coldbath","Brittaney","bcoldbath13@last.fm","@accountRef50","Actuary","3183428485"
"Golling","Jeremy","jgolling14@hao123.com","@accountRef35","Financial Analyst","9285433089"
"Ellershaw","Lynna","lellershaw15@nps.gov","@accountRef17","Nurse","8564308482"
"Soulsby","Coral","csoulsby16@chron.com","@accountRef41","Social Worker","4742059301"
"Bolderstone","Matilda","mbolderstone17@ibm.com","@accountRef47","Software Test Engineer III","2565906074"
"Castelletti","Ambrosi","acastelletti18@ezinearticles.com","@accountRef4","Senior Editor","6298937336"
"Cossons","Garrett","gcossons19@wordpress.org","@accountRef37","Electrical Engineer","2071957115"
"Minors","Drusi","dminors1a@japanpost.jp","@accountRef13","Web Developer IV","4008755916"
"Arnout","Bartolemo","barnout1b@dmoz.org","@accountRef11","Accountant III","9512152780"
"Frye","Stella","sfrye1c@last.fm","@accountRef6","Paralegal","5549762941"
"Brandes","Doloritas","dbrandes1d@spotify.com","@accountRef38","Graphic Designer","8691757601"
"Mant","Seamus","smant1e@tinyurl.com","@accountRef2","Web Developer IV","4374974277"
"Berisford","Danica","dberisford1f@tuttocitta.it","@accountRef5","Assistant Professor","3506080587"
"O'Carney","Dorise","docarney1g@csmonitor.com","@accountRef18","Financial Analyst","6003977247"
"Padgham","Viviene","vpadgham1h@jigsy.com","@accountRef26","Nuclear Power Engineer","3413016540"
"Hampton","Amelina","ahampton1i@geocities.com","@accountRef11","Account Coordinator","8418091062"
"Ferdinand","Reggy","rferdinand1j@washington.edu","@accountRef39","Marketing Assistant","2904331069"
"Giovannacci","Faythe","fgiovannacci1k@irs.gov","@accountRef17","Senior Financial Analyst","1805622992"
"Mayer","Pauly","pmayer1l@time.com","@accountRef36","Director of Sales","4294492627"
"Luckie","Beverlie","bluckie1m@spiegel.de","@accountRef38","Staff Scientist","1724896448"
"Sommerlin","Arabel","asommerlin1n@weibo.com","@accountRef34","Quality Control Specialist","5127326293"
"Gair","Glen","ggair1o@ftc.gov","@accountRef49","Assistant Manager","3947393476"
"Brimilcombe","Pasquale","pbrimilcombe1p@mtv.com","@accountRef25","Safety Technician IV","1544809213"
"Dowbekin","Livvy","ldowbekin1q@hugedomains.com","@accountRef14","Pharmacist","5156217221"
"Inglefield","Newton","ninglefield1r@wikimedia.org","@accountRef33","Paralegal","3794722042"
"Wardale","Odelinda","owardale1s@sphinn.com","@accountRef28","Office Assistant II","1495176805"
"Imorts","Regen","rimorts1t@booking.com","@accountRef18","Nurse","6106879868"
"Aldersea","Alistair","aaldersea1u@state.gov","@accountRef16","Senior Financial Analyst","7348736426"
"Purselowe","Delly","dpurselowe1v@arstechnica.com","@accountRef50","Web Designer I","4794598516"
"Enriquez","Noemi","nenriquez1w@xinhuanet.com","@accountRef38","Assistant Media Planner","3166577712"
"Rubertis","Lucita","lrubertis1x@telegraph.co.uk","@accountRef50","Programmer Analyst III","8928137226"
"Mitskevich","Olimpia","omitskevich1y@hc360.com","@accountRef6","Developer II","3976967678"
"Convery","Florence","fconvery1z@utexas.edu","@accountRef4","Assistant Media Planner","6295611190"
"Dorset","Norah","ndorset20@walmart.com","@accountRef8","GIS Technical Architect","1797830049"
"Reschke","Waldemar","wreschke21@canalblog.com","@accountRef4","Financial Analyst","1326999601"
"Stedall","Rowen","rstedall22@jimdo.com","@accountRef1","Chief Design Engineer","3446570507"
"Savege","Pat","psavege23@harvard.edu","@accountRef9","Systems Administrator I","4857145509"
"Liebmann","Cele","cliebmann24@zimbio.com","@accountRef47","Research Nurse","1976935994"
"Frankcombe","Mord","mfrankcombe25@nytimes.com","@accountRef36","Automation Specialist I","2485674420"
"Drescher","Matthaeus","mdrescher26@twitpic.com","@accountRef2","Executive Secretary","6192662767"
"Gregol","Laurens","lgregol27@cnn.com","@accountRef42","Sales Representative","8697186323"
"Winning","Phebe","pwinning28@usatoday.com","@accountRef11","Staff Accountant IV","9011955799"
"Marchetti","Bertine","bmarchetti29@cpanel.net","@accountRef41","Geological Engineer","9123005781"
"Moline","Kiah","kmoline2a@nifty.com","@accountRef3","Software Engineer IV","6353739994"
"Parris","Rocky","rparris2b@psu.edu","@accountRef25","Automation Specialist III","5719195877"
"Boam","Rab","rboam2c@blogger.com","@accountRef38","Graphic Designer","4938751451"
"Dreier","Husain","hdreier2d@devhub.com","@accountRef29","Software Test Engineer III","1742500840"
"Sorro","Benji","bsorro2e@theatlantic.com","@accountRef15","Sales Representative","4754969256"
"Gentle","Lesley","lgentle2f@sakura.ne.jp","@accountRef44","Payment Adjustment Coordinator","5097089527"
"Breche","Dawn","dbreche2g@multiply.com","@accountRef49","Help Desk Operator","5522660181"
"Dimsdale","Noach","ndimsdale2h@homestead.com","@accountRef16","Systems Administrator IV","5677677590"
"Chadbourne","Lloyd","lchadbourne2i@samsung.com","@accountRef11","Accountant I","1415040404"
"Eble","Lenka","leble2j@moonfruit.com","@accountRef6","Director of Sales","9535979962"
"Witcherley","Bobbette","bwitcherley2k@theatlantic.com","@accountRef29","Junior Executive","3478117485"
"Fall","Vanya","vfall2l@yahoo.co.jp","@accountRef19","Geologist III","1589779652"
"Faulks","Romeo","rfaulks2m@nsw.gov.au","@accountRef17","Desktop Support Technician","4045426571"
"Chimienti","Sheridan","schimienti2n@joomla.org","@accountRef34","Research Assistant III","6456904372"
"Norrie","Arnie","anorrie2o@amazon.co.jp","@accountRef23","Health Coach III","8201572697"
"Caseri","Goldia","gcaseri2p@imdb.com","@accountRef38","Senior Developer","7778497987"
"Poyntz","Benetta","bpoyntz2q@xinhuanet.com","@accountRef31","Geologist IV","4399640030"
"Bastistini","Quinta","qbastistini2r@samsung.com","@accountRef27","Editor","6136053514"
"Vampouille","Zebulon","zvampouille2s@wikispaces.com","@accountRef12","VP Product Management","2952221113"
"Huffey","Virgie","vhuffey2t@homestead.com","@accountRef43","Analog Circuit Design manager","1122680123"
"Kment","Daphene","dkment2u@walmart.com","@accountRef26","Senior Editor","3857242264"
"Stockton","Odille","ostockton2v@scientificamerican.com","@accountRef29","Operator","3055406823"
"Witherup","Derward","dwitherup2w@jugem.jp","@accountRef48","Analog Circuit Design manager","2659282363"
"Zorzetti","Adriaens","azorzetti2x@aboutads.info","@accountRef14","Recruiting Manager","2004398388"
"Discombe","Xymenes","xdiscombe2y@imgur.com","@accountRef33","Media Manager II","2031654739"
"Crambie","Donaugh","dcrambie2z@wufoo.com","@accountRef26","Clinical Specialist","9081211379"
"D'Emanuele","Susanetta","sdemanuele30@usnews.com","@accountRef25","Analog Circuit Design manager","1176456218"
"Southerell","Antonietta","asoutherell31@spiegel.de","@accountRef45","Software Test Engineer II","9186330362"
"Antunes","Lilly","lantunes32@yahoo.com","@accountRef26","Technical Writer","9019032435"
"Irwin","Karole","kirwin33@psu.edu","@accountRef38","Cost Accountant","1147613976"
"Aronov","Tobiah","taronov34@si.edu","@accountRef34","Librarian","6017594639"
"Fishly","Gertrud","gfishly35@buzzfeed.com","@accountRef38","Accounting Assistant II","6491283755"
"Brickdale","Cherin","cbrickdale36@narod.ru","@accountRef1","Registered Nurse","2312508690"
"Teissier","Marni","mteissier37@ca.gov","@accountRef26","Senior Cost Accountant","7482354123"
"Bramstom","Reynold","rbramstom38@springer.com","@accountRef21","Senior Quality Engineer","4102302530"
"Bellson","Lorelei","lbellson39@utexas.edu","@accountRef48","Food Chemist","2046245646"
"Hathorn","Bern","bhathorn3a@deviantart.com","@accountRef32","Mechanical Systems Engineer","3044529761"
"Danick","Stevie","sdanick3b@va.gov","@accountRef19","Occupational Therapist","4322110385"
"Gozard","Karly","kgozard3c@netscape.com","@accountRef11","Database Administrator III","6541802793"
"Bugs","Rebecka","rbugs3d@amazon.co.jp","@accountRef18","Developer II","7533797943"
"Cleiment","Huberto","hcleiment3e@so-net.ne.jp","@accountRef49","Research Assistant I","4581486457"
"Laroze","Marya","mlaroze3f@acquirethisname.com","@accountRef11","Graphic Designer","9101331675"
"Tregonna","Preston","ptregonna3g@nationalgeographic.com","@accountRef15","Biostatistician II","1897099268"
"Westgate","Riane","rwestgate3h@dailymotion.com","@accountRef23","Payment Adjustment Coordinator","8234086946"
"Greson","Harriott","hgreson3i@digg.com","@accountRef35","Software Engineer I","3994013417"
"Matteoli","Gasparo","gmatteoli3j@rakuten.co.jp","@accountRef49","Accounting Assistant IV","6777026397"
"Routh","Alonzo","arouth3k@google.ca","@accountRef4","Executive Secretary","1939814490"
"Pickersail","Maddie","mpickersail3l@statcounter.com","@accountRef37","Programmer Analyst I","6995470308"
"Morton","Sheilakathryn","smorton3m@bing.com","@accountRef26","Social Worker","3563627262"
"Rumin","Baillie","brumin3n@live.com","@accountRef20","Dental Hygienist","1912072683"
"Pawley","Kiah","kpawley3o@google.com.br","@accountRef33","Health Coach IV","3329866620"
"Filipowicz","Robbyn","rfilipowicz3p@bandcamp.com","@accountRef27","Registered Nurse","4736601056"
"Stopforth","Lorelle","lstopforth3q@mit.edu","@accountRef50","Electrical Engineer","8167874274"
"Bulbeck","Allistir","abulbeck3r@nsw.gov.au","@accountRef3","Quality Control Specialist","2358711187"
"Housden","Erskine","ehousden3s@sitemeter.com","@accountRef5","Associate Professor","1419222344"
"Sharrocks","Willy","wsharrocks3t@seesaa.net","@accountRef37","Environmental Tech","2951987306"
"Mahedy","Opaline","omahedy3u@diigo.com","@accountRef23","Senior Editor","8437630936"
"Kencott","Isa","ikencott3v@biglobe.ne.jp","@accountRef32","Nuclear Power Engineer","2941628020"
"Greenig","Starlene","sgreenig3w@newsvine.com","@accountRef11","Internal Auditor","5544709497"
"Buddles","Daphne","dbuddles3x@paypal.com","@accountRef15","Geological Engineer","9026448064"
"Sibbons","Jenilee","jsibbons3y@bandcamp.com","@accountRef45","Media Manager III","1462118881"
"Craigs","Lanie","lcraigs3z@multiply.com","@accountRef45","Editor","3572996181"
"Marvell","Goran","gmarvell40@who.int","@accountRef32","VP Accounting","1149458518"
"Forde","Dorella","dforde41@hatena.ne.jp","@accountRef46","Account Coordinator","6993422844"
"Baudinot","Mile","mbaudinot42@dell.com","@accountRef13","Civil Engineer","4161868257"
"Chadbourne","Nicol","nchadbourne43@auda.org.au","@accountRef4","VP Sales","7038117512"
"Elkins","Amelia","aelkins44@newsvine.com","@accountRef7","Food Chemist","7222220548"
"Tees","Kimble","ktees45@newsvine.com","@accountRef6","Business Systems Development Analyst","2958188797"